sal_id,record_ref,name,address_1,city,org_name,census_fixed,zip,lat,lon,phone,website,hours_text,extra,source_id,source_last_edited,fetched_at,why
sal_ocn_1200_court_tower_blvd_pontiac,Oakland County Board of Commissioners|1200 Court Tower Blvd,Oakland County Board of Commissioners,1200 Court Tower Blvd,Pontiac,Alliance of Coalitions for Healthy Communities,,48341,42.655436,-83.327083,,,,USER_Notes=Save a Life Box,oakland_narcan,2026-08-06,2026-10-01,"the Census Bureau found no match for ""1200 Court Tower Blvd, MI 48341"""
sal_ocn_1200_n_telegraph_building_38e_pontiac,"Oakland County Sheriffs Office|1200 N Telegraph, Building #38E",Oakland County Sheriffs Office,"1200 N Telegraph, Building #38E",Pontiac,Alliance of Coalitions for Healthy Communities,,48341,42.660578,-83.332624,,,,USER_Notes=Save a Life Box,oakland_narcan,2026-08-06,2026-10-01,"its map point is 1.1 km from its own street address (1200 N TELEGRAPH RD, PONTIAC, MI, 48341)"
sal_ocn_1201_n_telegraph_pontiac,Oakland County Jail|1201 N Telegraph,Oakland County Jail,1201 N Telegraph,Pontiac,Alliance of Coalitions for Healthy Communities,,48341,42.618658,-83.320357,248-858-1800,,,USER_Notes=Save a Life Box; USER_Location=in the lobby,oakland_narcan,2026-08-06,2026-10-01,"its map point is 3.7 km from its own street address (1201 N TELEGRAPH RD, PONTIAC, MI, 48341)"
sal_ocn_1841_n_perry_street_pontiac,CNS|1841 N. Perry Street,CNS,1841 N. Perry Street,Pontiac,Alliance of Coalitions for Healthy Communities,,48340,42.675827,-83.253557,,,,USER_Notes=Save a Life Box,oakland_narcan,2026-08-06,2026-10-01,"the Census Bureau found no match for ""1841 N. Perry Street, MI 48340"""
sal_ocn_23500_liberty_st_farmington_hills,Farmington Community Library|23500 Liberty St.,Farmington Community Library,23500 Liberty St.,Farmington Hills,Alliance of Coalitions for Healthy Communities,,48336,42.464063,-83.378228,,,,USER_Notes=Save a Life Box,oakland_narcan,2026-08-06,2026-10-01,"its map point is 4.4 km from its own street address (23500 LIBERTY ST, FARMINGTON HILLS, MI, 48336)"
sal_ocn_279_summit_dr_waterford,CNS Waterford|279 Summit Dr,CNS Waterford,279 Summit Dr,Waterford,Alliance of Coalitions for Healthy Communities,,48328,42.641853,-83.332925,248-745-4900,,,USER_Notes=Save a Life Box; USER_Location=in the lobby,oakland_narcan,2026-08-06,2026-10-01,"its map point is 1.1 km from its own street address (279 SUMMIT DR, WATERFORD, MI, 48328)"
sal_ocn_3155_coolidge_hwy_berkley,Berkley Public Library|3155 Coolidge Hwy,Berkley Public Library,3155 Coolidge Hwy,Berkley,Alliance of Coalitions for Healthy Communities,,48072,42.501044,-83.184190,,,,USER_Notes=Save a Life Box; USER_Location=inside (wall mount),oakland_narcan,2026-08-06,2026-10-01,"the Census Bureau found no match for ""3155 Coolidge Hwy, MI 48072"""
sal_ocn_328_s_telegraph_rd_sylvan_lake,West Bloomfield Mobil Gas Station|328 S Telegraph Rd,West Bloomfield Mobil Gas Station,328 S Telegraph Rd,Sylvan Lake,Alliance of Coalitions for Healthy Communities,,48320,42.625224,-83.325591,,,,USER_Notes=Save a Life Box,oakland_narcan,2026-08-06,2026-10-01,"the Census Bureau found no match for ""328 S Telegraph Rd, MI 48320"""
sal_ocn_3338_coolidge_hwy_berkley,City of Berkley City Hall|3338 Coolidge Hwy,City of Berkley City Hall,3338 Coolidge Hwy,Berkley,Alliance of Coalitions for Healthy Communities,,48072,42.502672,-83.202857,,,,USER_Notes=Save a Life Box; USER_Location=inside (wall mount),oakland_narcan,2026-08-06,2026-10-01,"the Census Bureau found no match for ""3338 Coolidge Hwy, MI 48072"""
sal_ocn_45580_woodward_ave_pontiac,Gary Burnstein|45580 Woodward Ave,Gary Burnstein,45580 Woodward Ave,Pontiac,Alliance of Coalitions for Healthy Communities,,48341,42.625068,-83.283885,248-309-3752 x109,,,USER_Notes=Save a Life Box; USER_Location=in the lobby,oakland_narcan,2026-08-06,2026-10-01,"the Census Bureau found no match for ""45580 Woodward Ave, MI 48341"""
sal_ocn_4600_walnut_lake_rd_west_bloomfield_township_west_bloomfield_town,West Bloomfield Township Library|4600 Walnut Lake Rd,West Bloomfield Township Library,4600 Walnut Lake Rd,West Bloomfield Township,Alliance of Coalitions for Healthy Communities,,48323,42.552247,-83.308137,,,,USER_Notes=Save a Life Box,oakland_narcan,2026-08-06,2026-10-01,"its map point is 5.5 km from its own street address (4600 WALNUT LAKE RD, WEST BLOOMFIELD, MI, 48323)"
sal_ocn_4601_orchard_lake_road_west_bloomfield,Fire Station #1|4601 Orchard Lake Road,Fire Station #1,4601 Orchard Lake Road,West Bloomfield,Alliance of Coalitions for Healthy Communities,,48324,42.569688,-83.361337,,,,USER_Notes=Save a Life Box,oakland_narcan,2026-08-06,2026-10-01,"its map point is 1.9 km from its own street address (4601 ORCHARD LAKE RD, WEST BLOOMFIELD, MI, 48324)"
sal_ocn_4783_haggerty_rd_west_bloomfield_township,Power House Gym|4783 Haggerty Rd,Power House Gym,4783 Haggerty Rd,West Bloomfield Township,Alliance of Coalitions for Healthy Communities,,48323,42.564420,-83.436881,,,,USER_Notes=Save a Life Box,oakland_narcan,2026-08-06,2026-10-01,"the Census Bureau found no match for ""4783 Haggerty Rd, MI 48323"""
sal_ocn_6773_w_maple_rd_west_bloomfield_township,Henry Ford Maplegrove Center|6773 W Maple Rd,Henry Ford Maplegrove Center,6773 W Maple Rd,West Bloomfield Township,Alliance of Coalitions for Healthy Communities,,48322,42.537825,-83.374866,,,,USER_Notes=Save a Life Box,oakland_narcan,2026-08-06,2026-10-01,"its map point is 2.7 km from its own street address (6773 W MAPLE RD, WEST BLOOMFIELD, MI, 48322)"
sal_ocn_6801_drake_rd_west_bloomfield_township,West Bloomfield Drake Sports Park|6801 Drake Rd,West Bloomfield Drake Sports Park,6801 Drake Rd,West Bloomfield Township,Alliance of Coalitions for Healthy Communities,,48322,42.537437,-83.397857,,,,USER_Notes=Save a Life Box,oakland_narcan,2026-08-06,2026-10-01,"the Census Bureau found no match for ""6801 Drake Rd, MI 48322"""
sal_ocn_7525_highland_rd_white_lake_township,White Lake Township Police Department|7525 Highland Rd,White Lake Township Police Department,7525 Highland Rd,White Lake Township,Alliance of Coalitions for Healthy Communities,,48383,42.649813,-83.511596,,,,USER_Notes=Save a Life Box,oakland_narcan,2026-08-06,2026-10-01,"the Census Bureau found no match for ""7525 Highland Rd, MI 48383"""
