record_ref,action,url,name,address_1,city,zip,pin,read_on,note
OLHSA|196 Cesar Chavez,use,https://www.olhsa.org/en-us/about-olhsa/contact-us,OLHSA,196 Cesar E. Chavez Avenue,Pontiac,,,2026-10-01,read by the pipeline's page matcher; the page prints only its P.O. box ZIP
Sacred Heart Rehabilitation Center- S. Clair Shores|19611 E Eight Mile Rd,use,https://www.sacredheartcenter.com/contact.html,Sacred Heart Rehabilitation Center,19611 E. 8 Mile,St. Clair Shores,48080,,2026-10-01,read in a browser; the site refuses scripts
Youngbloods|24918 John R Rd,use,https://www.youngbloodsshop.com/,Youngbloods Shop,24918 John R Road,Hazel Park,48030,,2026-10-01,read by the pipeline's page matcher
Temple Shir Shalom|3999 Walnut Lake Rd.,use,https://www.shirshalom.org/contact-us,Temple Shir Shalom,3999 Walnut Lake Road,West Bloomfield,48323,,2026-10-01,read in a browser; the site refuses scripts
West Bloomfield United Methodist Church|4100 Walnut Lake Rd,use,https://www.westbloomfieldumc.org/,West Bloomfield United Methodist Church,4100 Walnut Lake Rd.,West Bloomfield,48323,,2026-10-01,read by the pipeline's page matcher
United Methodist Church|4100 Walnut Lake Rd,duplicate,https://www.westbloomfieldumc.org/,,,,,,2026-10-01,"the same church as the County's ""West Bloomfield United Methodist Church"" record at this address"
Wolverine Lake Police Department|425 Glengary Rd.,use,https://www.wolverinelake.com/government/departments/police_department/index.php,Village of Wolverine Lake Police Department,,Wolverine Lake,48390,,2026-10-01,"read by the pipeline's page matcher; the page writes the street ""425 Glengary"", so the County's fuller street is kept"
Library 1|4600 Walnut Lake Rd,use,https://wblib.org/branch/main-library/,West Bloomfield Township Public Library,4600 Walnut Lake Rd,West Bloomfield Township,48323,,2026-10-01,read by the pipeline's page matcher
West Bloomfield Township Library|4600 Walnut Lake Rd,duplicate,https://wblib.org/branch/main-library/,,,,,,2026-10-01,"the same library as the County's ""Library 1"" record; this one's pin is 5.5 km away"
Birmingham Royal Oak Medical|5130 Coolidge Hwy,use,https://www.birminghamroyaloakmedical.com/,Birmingham Royal Oak Medical Group,5130 Coolidge Hwy,Royal Oak,48073,,2026-10-01,read by the pipeline's page matcher
Oakland County Board of Commissioners|1200 Court Tower Blvd,use,https://www.oaklandcountymi.gov/government/board-of-commissioners/about-us,Oakland County Board of Commissioners,1200 North Telegraph Road,Pontiac,48341,county,2026-10-01,"read by the pipeline's page matcher; ""Court Tower Blvd"" appears nowhere on the County's site"
"Oakland County Sheriffs Office|1200 N Telegraph, Building #38E",use,https://www.oaklandcountymi.gov/government/sheriff,Oakland County Sheriff's Office,"1200 N. Telegraph Rd, Bldg 38E",Pontiac,,county,2026-10-01,read by the pipeline's page matcher
Oakland County Jail|1201 N Telegraph,use,https://www.oaklandcountymi.gov/government/sheriff/ocso-organization/corrections/oakland-county-jail,Oakland County Jail,1201 North Telegraph,Pontiac,48341,,2026-10-01,"read by the pipeline's page matcher; the page says the Main Jail ""is located at 1201 North Telegraph"""
Farmington Community Library|23500 Liberty St.,use,https://farmlib.org/about/locations-hours/,,23500 Liberty Street,Farmington,48335,,2026-10-01,read by the pipeline's page matcher
Berkley Public Library|3155 Coolidge Hwy,use,https://www.berkleymi.gov/library,Berkley Public Library,3155 Coolidge Hwy,Berkley,,,2026-10-01,read by the pipeline's page matcher; the page prints no ZIP
West Bloomfield Mobil Gas Station|328 S Telegraph Rd,use,https://www.exxonmobilfuels.com/en/find-gas-station/mobil-sylvanlake-mi-sylvanmobil-200316793,Sylvan Mobil,328 S Telegraph Rd,Sylvan Lake,48320,,2026-10-01,"read by the pipeline's page matcher; the station has no site of its own, this is its fuel brand's page"
City of Berkley City Hall|3338 Coolidge Hwy,use,https://www.berkleymi.gov/government/community-development,Berkley City Hall,3338 Coolidge Highway,Berkley,48072,,2026-10-01,read by the pipeline's page matcher
Gary Burnstein|45580 Woodward Ave,use,https://garyburnsteinclinic.org/,Gary Burnstein Community Health Clinic,45580 Woodward Ave.,Pontiac,48341,,2026-10-01,read by the pipeline's page matcher
Fire Station #1|4601 Orchard Lake Road,use,https://www.wbtownship.org/government/departments/fire/fire_stations1.php,,4601 Orchard Lake Road,West Bloomfield,48323,,2026-10-01,read by the pipeline's page matcher
Power House Gym|4783 Haggerty Rd,use,https://powerhousegym.com/locations/west-bloomfield/,Powerhouse Gym West Bloomfield,4805 Haggerty Rd,West Bloomfield,48323,,2026-10-01,read by the pipeline's page matcher
Henry Ford Maplegrove Center|6773 W Maple Rd,use,https://www.henryford.com/locations/maplegrove,Henry Ford Maplegrove Center,6773 W Maple Rd,West Bloomfield,48322,,2026-10-01,read by the pipeline's page matcher
West Bloomfield Drake Sports Park|6801 Drake Rd,use,https://wbparks.org/parks-facilities/drake-sports-park/,Drake Sports Park,6801 Drake Road,West Bloomfield,48322,,2026-10-01,read by the pipeline's page matcher
White Lake Township Police Department|7525 Highland Rd,use,https://www.whitelaketwp.com/police/custom-contact-page/police-contact-information,White Lake Township Police,7525 Highland Road,White Lake,48383,,2026-10-01,read in a browser; the site refuses scripts
