sal_id,record_ref,name,address_1,city,org_name,census_fixed,zip,lat,lon,phone,website,hours_text,extra,source_id,source_last_edited,fetched_at
sal_ocn_101_mechanic_st_pontiac,"Lighthouse|101 Mechanic St,",Lighthouse,"101 Mechanic St,",Pontiac,Alliance of Coalitions for Healthy Communities,,48342,42.639484,-83.284241,,,,USER_Notes=Save a Life Box,oakland_narcan,2026-08-06,2026-10-01
sal_ocn_1010_e_west_maple_rd_suite_200_walled_lake,Therapeutics LLC - Easterseals|1010 E West Maple Rd Suite 200,Therapeutics LLC - Easterseals,1010 E West Maple Rd Suite 200,Walled Lake,Alliance of Coalitions for Healthy Communities,,48390,42.537491,-83.479535,,,,USER_Notes=Save a Life Box; USER_Location=outside,oakland_narcan,2026-08-06,2026-10-01
sal_ocn_110_e_pike_pontiac,Oakland County Sheriffs Office- Pontiac|110 E Pike,Oakland County Sheriffs Office- Pontiac,110 E Pike,Pontiac,Alliance of Coalitions for Healthy Communities,,48342,42.636546,-83.287701,,,,USER_Notes=Save a Life Box,oakland_narcan,2026-08-06,2026-10-01
sal_ocn_1111_horizon_ct_rochester_hills,Rochester Hills Fire Department|1111 Horizon Ct,Rochester Hills Fire Department,1111 Horizon Ct,Rochester Hills,Alliance of Coalitions for Healthy Communities,,48309,42.657768,-83.156049,,,,USER_Notes=Save a Life Box,oakland_narcan,2026-08-06,2026-10-01
sal_ocn_114_orchard_lake_rd_pontiac,Oakland Family Services Pontiac|114 Orchard Lake Rd,Oakland Family Services Pontiac,114 Orchard Lake Rd,Pontiac,Alliance of Coalitions for Healthy Communities,,48341,42.635124,-83.295900,,,,USER_Notes=Save a Life Box,oakland_narcan,2026-08-06,2026-10-01
sal_ocn_117_west_3rd_street_royal_oak,Skywood Outpatient|117 West 3rd Street,Skywood Outpatient,117 West 3rd Street,Royal Oak,Alliance of Coalitions for Healthy Communities,,48067,42.487905,-83.145095,,,,USER_Notes=Save a Life Box; USER_Location=outside,oakland_narcan,2026-08-06,2026-10-01
sal_ocn_1200_n_telegraph_pontiac,Oakland County Circuit Court- North Entrance|1200 N Telegraph,Oakland County Circuit Court- North Entrance,1200 N Telegraph,Pontiac,Alliance of Coalitions for Healthy Communities,,48341,42.655849,-83.327070,,,,USER_Notes=Save a Life Box,oakland_narcan,2026-08-06,2026-10-01
sal_ocn_1200_n_telegraph_pontiac_oakland_county_circu,Oakland County Circuit Court- South Entrance|1200 N Telegraph,Oakland County Circuit Court- South Entrance,1200 N Telegraph,Pontiac,Alliance of Coalitions for Healthy Communities,,48341,42.655410,-83.326607,,,,USER_Notes=Save a Life Box,oakland_narcan,2026-08-06,2026-10-01
sal_ocn_1200_north_telegraph_road_building_32e_pontiac,Resource and Crisis Center|1200 North Telegraph Road Building #32E,Resource and Crisis Center,1200 North Telegraph Road Building #32E,Pontiac,Alliance of Coalitions for Healthy Communities,,48341,42.657402,-83.331349,,,,USER_Notes=Save a Life Box,oakland_narcan,2026-08-06,2026-10-01
sal_ocn_1200_north_telegraph_road_building_32e_pontiac_sober_support_unit,Sober Support Unit|1200 North Telegraph Road Building #32E,Sober Support Unit,1200 North Telegraph Road Building #32E,Pontiac,Alliance of Coalitions for Healthy Communities,,48341,42.657413,-83.331136,,,,USER_Notes=Save a Life Box,oakland_narcan,2026-08-06,2026-10-01
sal_ocn_1223_s_washington_ave_royal_oak,Gammons Medical|1223 S Washington Ave,Gammons Medical,1223 S Washington Ave,Royal Oak,Alliance of Coalitions for Healthy Communities,,48067,42.478877,-83.145794,248-439-1060,,,USER_Notes=Save a Life Box; USER_Location=in the lobby,oakland_narcan,2026-08-06,2026-10-01
sal_ocn_124_prospect_st_pontiac,"New Springfield Missionary Baptist Church|124 Prospect St,",New Springfield Missionary Baptist Church,"124 Prospect St,",Pontiac,Alliance of Coalitions for Healthy Communities,,48341,42.624492,-83.282769,,,,USER_Notes=Save a Life Box,oakland_narcan,2026-08-06,2026-10-01
sal_ocn_1255_n_oakland_blvd_waterford,Meridian Health Services Men's Facility|1255 N Oakland Blvd,Meridian Health Services Men's Facility,1255 N Oakland Blvd,Waterford,Alliance of Coalitions for Healthy Communities,,48327,42.655041,-83.433794,,,,USER_Notes=Save a Life Box,oakland_narcan,2026-08-06,2026-10-01
sal_ocn_130_center_st_pontiac,"Lighthouse Path|130 Center St,",Lighthouse Path,"130 Center St,",Pontiac,Alliance of Coalitions for Healthy Communities,,48342,42.630384,-83.286235,,,,USER_Notes=Save a Life Box,oakland_narcan,2026-08-06,2026-10-01
sal_ocn_13101_allen_road_building_4_southgate,"The Guidance Center|13101 Allen Road, Building 4",The Guidance Center,"13101 Allen Road, Building 4",Southgate,Alliance of Coalitions for Healthy Communities,,48195,42.211863,-83.227340,,,,USER_Notes=Save a Life Box,oakland_narcan,2026-08-06,2026-10-01
sal_ocn_1318_w_9_mile_rd_ferndale,Select Wine|1318 W 9 Mile Rd,Select Wine,1318 W 9 Mile Rd,Ferndale,Alliance of Coalitions for Healthy Communities,,48220,42.460425,-83.151891,,,,USER_Notes=Save a Life Box,oakland_narcan,2026-08-06,2026-10-01
sal_ocn_13700_8_mile_rd_oak_park,Oak Liquor & Wine|13700 8 Mile Rd,Oak Liquor & Wine,13700 8 Mile Rd,Oak Park,Alliance of Coalitions for Healthy Communities,"ZIP (the layer says ""48327"") from the US Census Bureau's match of this street",48237,42.445737,-83.182955,,,,USER_Notes=Save a Life Box; USER_Location=outside,oakland_narcan,2026-08-06,2026-10-01
sal_ocn_143_oneida_st_pontiac,Welcome Baptist Church|143 Oneida St.,Welcome Baptist Church,143 Oneida St.,Pontiac,Alliance of Coalitions for Healthy Communities,,48341,42.631623,-83.310336,,,,USER_Notes=Save a Life Box,oakland_narcan,2026-08-06,2026-10-01
sal_ocn_14450_w_10_mile_rd_oak_park,Temple Emanu-el|14450 W 10 Mile Rd,Temple Emanu-el,14450 W 10 Mile Rd,Oak Park,Alliance of Coalitions for Healthy Communities,"ZIP (the layer says ""48327"") from the US Census Bureau's match of this street",48237,42.475696,-83.193715,,,,USER_Notes=Save a Life Box,oakland_narcan,2026-08-06,2026-10-01
sal_ocn_14601_lincoln_st_oak_park,"Congregation Beth Shalom|14601 Lincoln St,",Congregation Beth Shalom,"14601 Lincoln St,",Oak Park,Alliance of Coalitions for Healthy Communities,,48237,42.480548,-83.193104,,,,USER_Notes=Save a Life Box,oakland_narcan,2026-08-06,2026-10-01
sal_ocn_151_martin_st_birmingham,Birmingham Police Department|151 Martin St,Birmingham Police Department,151 Martin St,Birmingham,Alliance of Coalitions for Healthy Communities,,48009,42.545884,-83.215510,,,,USER_Notes=Save a Life Box,oakland_narcan,2026-08-06,2026-10-01
sal_ocn_1585_crescent_lake_rd_waterford,Oasis / Youngbloods|1585 Crescent Lake Rd,Oasis / Youngbloods,1585 Crescent Lake Rd,Waterford,Alliance of Coalitions for Healthy Communities,,48327,42.662556,-83.387893,,,,USER_Notes=Save a Life Box,oakland_narcan,2026-08-06,2026-10-01
sal_ocn_16001_w_nine_mile_rd_southfield,Henry Ford Providence Southfield Hospital ER|16001 W Nine Mile Rd,Henry Ford Providence Southfield Hospital ER,16001 W Nine Mile Rd,Southfield,Alliance of Coalitions for Healthy Communities,,48075,42.457428,-83.205243,,,,USER_Notes=Save a Life Box,oakland_narcan,2026-08-06,2026-10-01
sal_ocn_16001_w_nine_mile_rd_southfield_henry_ford_providenc,Henry Ford Providence Southfield Main|16001 W Nine Mile Rd,Henry Ford Providence Southfield Main,16001 W Nine Mile Rd,Southfield,Alliance of Coalitions for Healthy Communities,,48075,42.457428,-83.205243,,,,USER_Notes=Save a Life Box,oakland_narcan,2026-08-06,2026-10-01
sal_ocn_1685_baldwin_avenue_pontiac,Therapeutics LLC - Easterseals|1685 Baldwin Avenue,Therapeutics LLC - Easterseals,1685 Baldwin Avenue,Pontiac,Alliance of Coalitions for Healthy Communities,,48340,42.681680,-83.302545,,,,USER_Notes=Save a Life Box; USER_Location=outside,oakland_narcan,2026-08-06,2026-10-01
sal_ocn_185_elizabeth_lake_rd_pontiac,CNS|185 Elizabeth Lake Rd.,CNS,185 Elizabeth Lake Rd.,Pontiac,Alliance of Coalitions for Healthy Communities,,48341,42.640486,-83.315939,,,,USER_Notes=Save a Life Box,oakland_narcan,2026-08-06,2026-10-01
sal_ocn_19291_northline_road_building_6_southgate,"The Guidance Center|19291 Northline Road, Building 6",The Guidance Center,"19291 Northline Road, Building 6",Southgate,Alliance of Coalitions for Healthy Communities,,48195,42.212768,-83.226901,,,,USER_Notes=Save a Life Box,oakland_narcan,2026-08-06,2026-10-01
sal_ocn_19401_northline_road_building_5_southgate,"The Guidance Center|19401 Northline Road, Building 5",The Guidance Center,"19401 Northline Road, Building 5",Southgate,Alliance of Coalitions for Healthy Communities,,48195,42.212554,-83.227740,,,,USER_Notes=Save a Life Box,oakland_narcan,2026-08-06,2026-10-01
sal_ocn_196_cesar_chavez_pontiac,OLHSA|196 Cesar Chavez,OLHSA,196 Cesar Chavez,Pontiac,Alliance of Coalitions for Healthy Communities,"ZIP (the layer says ""48343"") from the US Census Bureau's match of this street",48342,42.644997,-83.298348,,,,USER_Notes=Save a Life Box,oakland_narcan,2026-08-06,2026-10-01
sal_ocn_19611_e_eight_mile_rd_st_clair_shores,Sacred Heart Rehabilitation Center- S. Clair Shores|19611 E Eight Mile Rd,Sacred Heart Rehabilitation Center- S. Clair Shores,19611 E Eight Mile Rd,St. Clair Shores,Alliance of Coalitions for Healthy Communities,"ZIP (the layer says ""48302"") from the US Census Bureau's match of this street",48080,42.450994,-82.927127,,,,USER_Notes=Save a Life Box,oakland_narcan,2026-08-06,2026-10-01
sal_ocn_1964_w_11_mile_rd_berkley,BeWell Medical Center|1964 W 11 Mile Rd,BeWell Medical Center,1964 W 11 Mile Rd,Berkley,Alliance of Coalitions for Healthy Communities,,48072,42.489180,-83.176628,,,,USER_Notes=Save a Life Box,oakland_narcan,2026-08-06,2026-10-01
sal_ocn_2019_township_dr_commerce_township,Oakland County Sheriffs Office- Commerce|2019 Township Dr,Oakland County Sheriffs Office- Commerce,2019 Township Dr,Commerce Township,Alliance of Coalitions for Healthy Communities,,48390,42.566427,-83.450408,,,,USER_Notes=Save a Life Box,oakland_narcan,2026-08-06,2026-10-01
sal_ocn_20300_superior_road_suite_250_taylor,"The Guidance Center Adult Behavioral|20300 Superior Road, Suite 250",The Guidance Center Adult Behavioral,"20300 Superior Road, Suite 250",Taylor,Alliance of Coalitions for Healthy Communities,,48180,42.211249,-83.229794,,,,USER_Notes=Save a Life Box,oakland_narcan,2026-08-06,2026-10-01
sal_ocn_20600_eureka_road_suite_900_taylor,"The Guidance Center Adult Behavioral|20600 Eureka Road, Suite 900",The Guidance Center Adult Behavioral,"20600 Eureka Road, Suite 900",Taylor,Alliance of Coalitions for Healthy Communities,,48180,42.198850,-83.236661,,,,USER_Notes=Save a Life Box,oakland_narcan,2026-08-06,2026-10-01
sal_ocn_21000_w_10_mile_rd_m113_southfield,Lawrence Tech Student Center|21000 W 10 Mile Rd M113,Lawrence Tech Student Center,21000 W 10 Mile Rd M113,Southfield,Alliance of Coalitions for Healthy Communities,,48075,42.474942,-83.249699,,,,USER_Notes=Save a Life Box,oakland_narcan,2026-08-06,2026-10-01
sal_ocn_21000_w_10_mile_rd_southfield,Lawrence Tech Dorms|21000 W 10 Mile Rd,Lawrence Tech Dorms,21000 W 10 Mile Rd,Southfield,Alliance of Coalitions for Healthy Communities,,48075,42.474942,-83.249699,,,,USER_Notes=Save a Life Box,oakland_narcan,2026-08-06,2026-10-01
sal_ocn_21009_ithaca_ave_ferndale,New Mt. Vernon Baptist Church|21009 Ithaca Ave,New Mt. Vernon Baptist Church,21009 Ithaca Ave,Ferndale,Alliance of Coalitions for Healthy Communities,,48220,42.448626,-83.163352,,,,USER_Notes=Save a Life Box,oakland_narcan,2026-08-06,2026-10-01
sal_ocn_21301_coolidge_hwy_oak_park,Lighthouse|21301 Coolidge Hwy,Lighthouse,21301 Coolidge Hwy,Oak Park,Alliance of Coalitions for Healthy Communities,,48237,42.450266,-83.181914,,,,USER_Notes=Save a Life Box,oakland_narcan,2026-08-06,2026-10-01
sal_ocn_21675_coolidge_hwy_oak_park,Focus Program INV|21675 Coolidge Hwy,Focus Program INV,21675 Coolidge Hwy,Oak Park,Alliance of Coalitions for Healthy Communities,,48237,42.453816,-83.182154,,,,USER_Notes=Save a Life Box; USER_Location=inside (wall mount),oakland_narcan,2026-08-06,2026-10-01
sal_ocn_2201_dixie_hwy_waterford,Waterford Motel|2201 Dixie Hwy,Waterford Motel,2201 Dixie Hwy,Waterford,Alliance of Coalitions for Healthy Communities,,48328,42.666488,-83.331850,,,,USER_Notes=Save a Life Box; USER_Location=outside,oakland_narcan,2026-08-06,2026-10-01
sal_ocn_22170_w_nine_mile_rd_southfield,Easterseals MORC- Southfield|22170 W Nine Mile Rd,Easterseals MORC- Southfield,22170 W Nine Mile Rd,Southfield,Alliance of Coalitions for Healthy Communities,,48033,42.457876,-83.261756,,,,USER_Notes=Save a Life Box,oakland_narcan,2026-08-06,2026-10-01
sal_ocn_2294_woodrow_wilson_blvd_west_bloomfield_township,Sylvan Manor Park|2294 Woodrow Wilson Blvd,Sylvan Manor Park,2294 Woodrow Wilson Blvd,West Bloomfield Township,Alliance of Coalitions for Healthy Communities,,48324,42.605412,-83.336582,,,,USER_Notes=Save a Life Box,oakland_narcan,2026-08-06,2026-10-01
sal_ocn_231_w_8_mile_rd_detroit,Citgo Gas Station|231 W 8 Mile Rd,Citgo Gas Station,231 W 8 Mile Rd,Detroit,Alliance of Coalitions for Healthy Communities,,48203,42.446617,-83.105887,,,,USER_Notes=Save a Life Box; USER_Location=outside,oakland_narcan,2026-08-06,2026-10-01
sal_ocn_2323_joslyn_rd_lake_orion,Oakland County Sheriffs Office- Orion Twp|2323 Joslyn Rd,Oakland County Sheriffs Office- Orion Twp,2323 Joslyn Rd,Lake Orion,Alliance of Coalitions for Healthy Communities,,48360,42.747480,-83.279480,,,,USER_Notes=Save a Life Box,oakland_narcan,2026-08-06,2026-10-01
sal_ocn_23600_liberty_st_farmington,Farmington Public Safety Department|23600 Liberty St,Farmington Public Safety Department,23600 Liberty St,Farmington,Alliance of Coalitions for Healthy Communities,,48335,42.464979,-83.377822,,,,USER_Notes=Save a Life Box,oakland_narcan,2026-08-06,2026-10-01
sal_ocn_2395_w_12_mile_berkley,Berkley Public Safety|2395 W 12 Mile,Berkley Public Safety,2395 W 12 Mile,Berkley,Alliance of Coalitions for Healthy Communities,,48072,42.503227,-83.182639,,,,USER_Notes=Save a Life Box; USER_Location=inside (wall mount),oakland_narcan,2026-08-06,2026-10-01
sal_ocn_2399_figa_ave_west_bloomfield_township,Spirit of Grace Church|2399 Figa Ave,Spirit of Grace Church,2399 Figa Ave,West Bloomfield Township,Alliance of Coalitions for Healthy Communities,,48324,42.608993,-83.331457,,,,USER_Notes=Save a Life Box,oakland_narcan,2026-08-06,2026-10-01
sal_ocn_2399_walton_blvd_auburn_hills,Easterseals MORC- Auburn Hills|2399 Walton Blvd.,Easterseals MORC- Auburn Hills,2399 Walton Blvd.,Auburn Hills,Alliance of Coalitions for Healthy Communities,,48326,42.679377,-83.242445,,,,USER_Notes=Save a Life Box,oakland_narcan,2026-08-06,2026-10-01
sal_ocn_24_e_9_mile_rd_hazel_park,Neu Urgent Care|24 E 9 Mile Rd,Neu Urgent Care,24 E 9 Mile Rd,Hazel Park,Alliance of Coalitions for Healthy Communities,,48030,42.461362,-83.103894,248-629-7497,,,USER_Notes=Save a Life Box; USER_Location=in the lobby,oakland_narcan,2026-08-06,2026-10-01
sal_ocn_2400_robina_ave_berkley,Berkley Parks & Recreation Community Center|2400 Robina Ave,Berkley Parks & Recreation Community Center,2400 Robina Ave,Berkley,Alliance of Coalitions for Healthy Communities,,48072,42.494487,-83.188172,,,,USER_Notes=Save a Life Box; USER_Location=inside (wall mount),oakland_narcan,2026-08-06,2026-10-01
sal_ocn_24230_karim_boulevard_suite_100_novi,"CNS- Novi|24230 Karim Boulevard, Suite 100",CNS- Novi,"24230 Karim Boulevard, Suite 100",Novi,Alliance of Coalitions for Healthy Communities,,48375,42.468858,-83.438487,,,,USER_Notes=Save a Life Box,oakland_narcan,2026-08-06,2026-10-01
sal_ocn_24445_northweatern_hwy_southfield,Easterseals MORC- Southfield|24445 Northweatern Hwy,Easterseals MORC- Southfield,24445 Northweatern Hwy,Southfield,Alliance of Coalitions for Healthy Communities,,48075,42.468138,-83.237058,,,,USER_Notes=Save a Life Box,oakland_narcan,2026-08-06,2026-10-01
sal_ocn_24600_northwestern_highway_southfield,CNS|24600 Northwestern Highway,CNS,24600 Northwestern Highway,Southfield,Alliance of Coalitions for Healthy Communities,,48075,42.470354,-83.237436,,,,USER_Notes=Save a Life Box,oakland_narcan,2026-08-06,2026-10-01
sal_ocn_249_baldwin_ave_pontiac,HOPE Shelter|249 Baldwin Ave,HOPE Shelter,249 Baldwin Ave,Pontiac,Alliance of Coalitions for Healthy Communities,,48342,42.651632,-83.299754,248-330-4185,,,USER_Notes=Save a Life Box; USER_Location=outside,oakland_narcan,2026-08-06,2026-10-01
sal_ocn_24918_john_r_rd_hazel_park,Youngbloods|24918 John R Rd,Youngbloods,24918 John R Rd,Hazel Park,Alliance of Coalitions for Healthy Communities,"city (the layer says ""Hazel Pak"") from the US Census Bureau's match of this street",48030,42.475734,-83.104263,,,,USER_Notes=Save a Life Box,oakland_narcan,2026-08-06,2026-10-01
sal_ocn_250_elizabeth_lake_road_suite_1520_pontiac,Oakland County Pretrial & Justice Services|250 Elizabeth Lake Road Suite 1520,Oakland County Pretrial & Justice Services,250 Elizabeth Lake Road Suite 1520,Pontiac,Alliance of Coalitions for Healthy Communities,,48341,42.641874,-83.317937,,,,USER_Notes=Save a Life Box,oakland_narcan,2026-08-06,2026-10-01
sal_ocn_2515_s_lapeer_rd_lake_orion,Oak Barrell Party Shoppe|2515 S Lapeer Rd,Oak Barrell Party Shoppe,2515 S Lapeer Rd,Lake Orion,Alliance of Coalitions for Healthy Communities,,48360,42.744855,-83.245820,,,,USER_Notes=Save a Life Box; USER_Location=outside,oakland_narcan,2026-08-06,2026-10-01
sal_ocn_255_carriage_cir_dr_pontiac,Carriage Place Apartments|255 Carriage Cir Dr,Carriage Place Apartments,255 Carriage Cir Dr,Pontiac,Alliance of Coalitions for Healthy Communities,,48342,42.633639,-83.260336,,,,USER_Notes=Save a Life Box,oakland_narcan,2026-08-06,2026-10-01
sal_ocn_26300_outer_drive_lincoln_park,The Guidance Center|26300 Outer Drive,The Guidance Center,26300 Outer Drive,Lincoln Park,Alliance of Coalitions for Healthy Communities,,48146,42.257923,-83.164792,,,,USER_Notes=Save a Life Box,oakland_narcan,2026-08-06,2026-10-01
sal_ocn_26862_woodward_ave_suite_103_royal_oak,Oakland Family Services Royal Oak|26862 Woodward Ave Suite 103,Oakland Family Services Royal Oak,26862 Woodward Ave Suite 103,Royal Oak,Alliance of Coalitions for Healthy Communities,,48067,42.488055,-83.156625,,,,USER_Notes=Save a Life Box,oakland_narcan,2026-08-06,2026-10-01
sal_ocn_28_cherry_hill_dr_pontiac,North Hill Farms|28 Cherry Hill Dr,North Hill Farms,28 Cherry Hill Dr,Pontiac,Alliance of Coalitions for Healthy Communities,,48340,42.666207,-83.319821,,,,USER_Notes=Save a Life Box,oakland_narcan,2026-08-06,2026-10-01
sal_ocn_2805_hiller_rd_west_bloomfield_township,West Bloomfield Marshbank Park|2805 Hiller Rd,West Bloomfield Marshbank Park,2805 Hiller Rd,West Bloomfield Township,Alliance of Coalitions for Healthy Communities,,48324,42.595659,-83.393289,,,,USER_Notes=Save a Life Box,oakland_narcan,2026-08-06,2026-10-01
sal_ocn_28100_farmington_rd_farmington,Farmington Family YMCA|28100 Farmington Rd,Farmington Family YMCA,28100 Farmington Rd,Farmington,Alliance of Coalitions for Healthy Communities,,48334,42.501528,-83.376679,,,,USER_Notes=Save a Life Box,oakland_narcan,2026-08-06,2026-10-01
sal_ocn_28200_franklin_road_southfield,CNS|28200 Franklin Road,CNS,28200 Franklin Road,Southfield,Alliance of Coalitions for Healthy Communities,,48034,42.495397,-83.301279,,,,USER_Notes=Save a Life Box,oakland_narcan,2026-08-06,2026-10-01
sal_ocn_28303_dequindre_rd_100_madison_heights,Sacred Heart Rehabilitation Center- Madison Heights|28303 Dequindre Rd #100,Sacred Heart Rehabilitation Center- Madison Heights,28303 Dequindre Rd #100,Madison Heights,Alliance of Coalitions for Healthy Communities,,48071,42.500524,-83.086021,248-658-1116/6210,,,USER_Notes=Save a Life Box; USER_Location=in the lobby,oakland_narcan,2026-08-06,2026-10-01
sal_ocn_285_whittemore_st_pontiac,"Lighthouse Teen Path|285 Whittemore St,",Lighthouse Teen Path,"285 Whittemore St,",Pontiac,Alliance of Coalitions for Healthy Communities,,48342,42.632867,-83.279734,,,,USER_Notes=Save a Life Box,oakland_narcan,2026-08-06,2026-10-01
sal_ocn_29995_w_12_mile_rd_farmington_hills,The Hawk Fitness Center|29995 W 12 Mile Rd,The Hawk Fitness Center,29995 W 12 Mile Rd,Farmington Hills,Alliance of Coalitions for Healthy Communities,,48334,42.497820,-83.346292,,,,USER_Notes=Save a Life Box,oakland_narcan,2026-08-06,2026-10-01
sal_ocn_30444_w_8_mile_rd_farmington_hills,Royal Liquor|30444 W 8 Mile Rd,Royal Liquor,30444 W 8 Mile Rd,Farmington Hills,Alliance of Coalitions for Healthy Communities,,48336,42.441728,-83.346565,,,,USER_Notes=Save a Life Box; USER_Location=outside,oakland_narcan,2026-08-06,2026-10-01
sal_ocn_305_e_9_mile_ferndale,43rd District Court Ferndale|305 E 9 Mile,43rd District Court Ferndale,305 E 9 Mile,Ferndale,Alliance of Coalitions for Healthy Communities,,48220,42.460941,-83.131009,,,,USER_Notes=Save a Life Box; USER_Location=outside,oakland_narcan,2026-08-06,2026-10-01
sal_ocn_31605_w_11_mile_rd_farmington,47th District Courthouse|31605 W 11 Mile Rd,47th District Courthouse,31605 W 11 Mile Rd,Farmington,Alliance of Coalitions for Healthy Communities,,48336,42.483636,-83.359566,,,,USER_Notes=Save a Life Box,oakland_narcan,2026-08-06,2026-10-01
sal_ocn_32737_w_12_mile_rd_farmington_hills,Farmington Community Library|32737 W 12 Mile Rd.,Farmington Community Library,32737 W 12 Mile Rd.,Farmington Hills,Alliance of Coalitions for Healthy Communities,,48334,42.497865,-83.370879,,,,USER_Notes=Save a Life Box,oakland_narcan,2026-08-06,2026-10-01
sal_ocn_330_8_mile_rd_ferndale,8 Woods Motel|330 8 Mile Rd,8 Woods Motel,330 8 Mile Rd,Ferndale,Alliance of Coalitions for Healthy Communities,,48220,42.446934,-83.128501,,,,USER_Notes=Save a Life Box; USER_Location=outside,oakland_narcan,2026-08-06,2026-10-01
sal_ocn_3340_green_lake_road_west_bloomfield,Fire Station #2|3340 Green Lake Road,Fire Station #2,3340 Green Lake Road,West Bloomfield,Alliance of Coalitions for Healthy Communities,,48324,42.587397,-83.412605,,,,USER_Notes=Save a Life Box,oakland_narcan,2026-08-06,2026-10-01
sal_ocn_3999_walnut_lake_rd_west_bloomfield_township,Temple Shir Shalom|3999 Walnut Lake Rd.,Temple Shir Shalom,3999 Walnut Lake Rd.,West Bloomfield Township,Alliance of Coalitions for Healthy Communities,"ZIP (the layer says ""48322"") from the US Census Bureau's match of this street",48323,42.556842,-83.359710,,,,USER_Notes=Save a Life Box,oakland_narcan,2026-08-06,2026-10-01
sal_ocn_400_sixth_street_rochester,Rochester Police Department|400 Sixth Street,Rochester Police Department,400 Sixth Street,Rochester,Alliance of Coalitions for Healthy Communities,,48307,42.683265,-83.137576,,,,USER_Notes=Save a Life Box,oakland_narcan,2026-08-06,2026-10-01
sal_ocn_4100_walnut_lake_rd_west_bloomfield,United Methodist Church|4100 Walnut Lake Rd,United Methodist Church,4100 Walnut Lake Rd,West Bloomfield,Alliance of Coalitions for Healthy Communities,,48323,42.557941,-83.363952,,,,USER_Notes=Save a Life Box,oakland_narcan,2026-08-06,2026-10-01
sal_ocn_4100_walnut_lake_rd_west_bloomfield_township,West Bloomfield United Methodist Church|4100 Walnut Lake Rd,West Bloomfield United Methodist Church,4100 Walnut Lake Rd,West Bloomfield Township,Alliance of Coalitions for Healthy Communities,,48323,42.558255,-83.364044,,,,USER_Notes=Save a Life Box,oakland_narcan,2026-08-06,2026-10-01
sal_ocn_420_s_lafayette_ave_royal_oak,Baker College|420 S Lafayette Ave,Baker College,420 S Lafayette Ave,Royal Oak,Alliance of Coalitions for Healthy Communities,,48067,42.486543,-83.148156,,,,USER_Notes=Save a Life Box,oakland_narcan,2026-08-06,2026-10-01
sal_ocn_425_glengary_rd_wolverine_lake,Wolverine Lake Police Department|425 Glengary Rd.,Wolverine Lake Police Department,425 Glengary Rd.,Wolverine Lake,Alliance of Coalitions for Healthy Communities,"city (the layer says ""Wolverine"") from the US Census Bureau's match of this street",48390,42.561522,-83.484320,,,,USER_Notes=Save a Life Box,oakland_narcan,2026-08-06,2026-10-01
sal_ocn_429_livernois_ferndale,The Matrix|429 Livernois,The Matrix,429 Livernois,Ferndale,Alliance of Coalitions for Healthy Communities,,48220,42.449013,-83.142958,,,,USER_Notes=Save a Life Box,oakland_narcan,2026-08-06,2026-10-01
sal_ocn_43141_woodward_ave_bloomfield_hills,Bloomfield Urgent Care|43141 Woodward Ave,Bloomfield Urgent Care,43141 Woodward Ave,Bloomfield Hills,Alliance of Coalitions for Healthy Communities,,48302,42.605332,-83.267232,,,,USER_Notes=Save a Life Box; USER_Location=outside,oakland_narcan,2026-08-06,2026-10-01
sal_ocn_44428_woodward_ave_pontiac,Trinity Health Woodward Building|44428 Woodward Ave,Trinity Health Woodward Building,44428 Woodward Ave,Pontiac,Alliance of Coalitions for Healthy Communities,,48341,42.616701,-83.273980,,,,USER_Notes=Save a Life Box,oakland_narcan,2026-08-06,2026-10-01
sal_ocn_450e_11_mile_rd_royal_oak,Royal Oak Police Station|450E 11 Mile Rd,Royal Oak Police Station,450E 11 Mile Rd,Royal Oak,Alliance of Coalitions for Healthy Communities,,48067,42.489876,-83.140331,248-885-1721,,,USER_Notes=Save a Life Box; USER_Location=in the lobby,oakland_narcan,2026-08-06,2026-10-01
sal_ocn_4550_walnut_lake_rd_west_bloomfield_township,West Bloomfield Civic Center|4550 Walnut Lake Rd,West Bloomfield Civic Center,4550 Walnut Lake Rd,West Bloomfield Township,Alliance of Coalitions for Healthy Communities,,48323,42.560517,-83.373823,,,,USER_Notes=Save a Life Box; USER_Location=outside,oakland_narcan,2026-08-06,2026-10-01
sal_ocn_4600_walnut_lake_rd_west_bloomfield_township,Library 1|4600 Walnut Lake Rd,Library 1,4600 Walnut Lake Rd,West Bloomfield Township,Alliance of Coalitions for Healthy Communities,,48323,42.557232,-83.373235,,,,USER_Notes=Save a Life Box,oakland_narcan,2026-08-06,2026-10-01
sal_ocn_4640_walnut_lake_road_west_bloomfield,Parks and Recreation|4640 Walnut Lake Road,Parks and Recreation,4640 Walnut Lake Road,West Bloomfield,Alliance of Coalitions for Healthy Communities,,48323,42.557216,-83.373955,,,,USER_Notes=Save a Life Box,oakland_narcan,2026-08-06,2026-10-01
sal_ocn_47_w_huron_st_pontiac,Healing Hearts|47 W Huron St,Healing Hearts,47 W Huron St,Pontiac,Alliance of Coalitions for Healthy Communities,,48342,42.638072,-83.294686,248-778-7161,,,USER_Notes=Save a Life Box; USER_Location=outside,oakland_narcan,2026-08-06,2026-10-01
sal_ocn_47601_grand_river_ave_novi,Henry Ford Providence Novi Hospital ER|47601 Grand River Ave,Henry Ford Providence Novi Hospital ER,47601 Grand River Ave,Novi,Alliance of Coalitions for Healthy Communities,,48374,42.486885,-83.518024,,,,USER_Notes=Save a Life Box,oakland_narcan,2026-08-06,2026-10-01
sal_ocn_47601_grand_river_ave_novi_henry_ford_providenc,Henry Ford Providence Novi Hospital Main|47601 Grand River Ave,Henry Ford Providence Novi Hospital Main,47601 Grand River Ave,Novi,Alliance of Coalitions for Healthy Communities,,48374,42.486885,-83.518024,,,,USER_Notes=Save a Life Box,oakland_narcan,2026-08-06,2026-10-01
sal_ocn_5130_coolidge_hwy_royal_oak,Birmingham Royal Oak Medical|5130 Coolidge Hwy,Birmingham Royal Oak Medical,5130 Coolidge Hwy,Royal Oak,Alliance of Coalitions for Healthy Communities,"city (the layer says ""Birmingham"") from the US Census Bureau's match of this street",48073,42.538184,-83.184225,,,,USER_Notes=Save a Life Box; USER_Location=outside,oakland_narcan,2026-08-06,2026-10-01
sal_ocn_5150_civic_center_dr_waterford,Waterford Police Department|5150 Civic Center Dr,Waterford Police Department,5150 Civic Center Dr,Waterford,Families Against Narcotics,,48329,42.669912,-83.388546,,,,USER_Notes=Save a Life Box; USER_Location=in the lobby,oakland_narcan,2026-08-06,2026-10-01
sal_ocn_5425_west_maple_west_bloomfield_township,West Bloomfield Fire Station No. 5 (Main Station)|5425 West Maple,West Bloomfield Fire Station No. 5 (Main Station),5425 West Maple,West Bloomfield Township,Alliance of Coalitions for Healthy Communities,,48322,42.542869,-83.347927,,,,USER_Notes=Save a Life Box,oakland_narcan,2026-08-06,2026-10-01
sal_ocn_547_perry_st_pontiac,Marathon Gas Station|547 Perry St,Marathon Gas Station,547 Perry St,Pontiac,Alliance of Coalitions for Healthy Communities,,48342,42.650311,-83.284813,,,,USER_Notes=Save a Life Box; USER_Location=outside,oakland_narcan,2026-08-06,2026-10-01
sal_ocn_550_eaton_walter_white_building_river_rouge,"The Guidance Center|550 Eaton, Walter White Building",The Guidance Center,"550 Eaton, Walter White Building",River Rouge,Alliance of Coalitions for Healthy Communities,,48218,42.264554,-83.146773,,,,USER_Notes=Save a Life Box,oakland_narcan,2026-08-06,2026-10-01
sal_ocn_5505_corporate_drive_troy,Oakland County Health Network|5505 Corporate Drive,Oakland County Health Network,5505 Corporate Drive,Troy,Alliance of Coalitions for Healthy Communities,,48098,42.598163,-83.173056,,,,USER_Notes=Save a Life Box; USER_Location=outside,oakland_narcan,2026-08-06,2026-10-01
sal_ocn_5725_walnut_lake_rd_west_bloomfield_township,Temple Israel|5725 Walnut Lake Rd,Temple Israel,5725 Walnut Lake Rd,West Bloomfield Township,Alliance of Coalitions for Healthy Communities,,48323,42.554772,-83.395211,,,,USER_Notes=Save a Life Box; USER_Location=outside,oakland_narcan,2026-08-06,2026-10-01
sal_ocn_5842_greer_lake_road_west_bloomfield,Fire Station #4|5842 Greer Lake Road,Fire Station #4,5842 Greer Lake Road,West Bloomfield,Alliance of Coalitions for Healthy Communities,,48324,42.607789,-83.399836,,,,USER_Notes=Save a Life Box,oakland_narcan,2026-08-06,2026-10-01
sal_ocn_600_n_telegraph_ste_300_pontiac,CNS- Pontiac|600 N Telegraph Ste 300,CNS- Pontiac,600 N Telegraph Ste 300,Pontiac,Alliance of Coalitions for Healthy Communities,,48341,42.646716,-83.325262,,,,USER_Notes=Save a Life Box,oakland_narcan,2026-08-06,2026-10-01
sal_ocn_600_west_9_mile_rd_ferndale,Ferndale Foods|600 West 9 Mile Rd,Ferndale Foods,600 West 9 Mile Rd,Ferndale,Alliance of Coalitions for Healthy Communities,,48220,42.460911,-83.142445,,,,USER_Notes=Save a Life Box,oakland_narcan,2026-08-06,2026-10-01
sal_ocn_673_martin_luther_kind_jr_blvd_n_pontiac,Serenity Rehab|673 Martin Luther Kind Jr Blvd N,Serenity Rehab,673 Martin Luther Kind Jr Blvd N,Pontiac,Alliance of Coalitions for Healthy Communities,,48342,42.654708,-83.276302,,,,USER_Notes=Save a Life Box,oakland_narcan,2026-08-06,2026-10-01
sal_ocn_6925_west_maple_west_bloomfield,Fire Station #2|6925 West Maple,Fire Station #2,6925 West Maple,West Bloomfield,Alliance of Coalitions for Healthy Communities,,48322,42.540926,-83.415707,,,,USER_Notes=Save a Life Box,oakland_narcan,2026-08-06,2026-10-01
sal_ocn_7170_cooley_lake_rd_waterford,Open Door Outreach|7170 Cooley Lake Rd,Open Door Outreach,7170 Cooley Lake Rd,Waterford,Alliance of Coalitions for Healthy Communities,,48327,42.616170,-83.426985,,,,USER_Notes=Save a Life Box,oakland_narcan,2026-08-06,2026-10-01
sal_ocn_7321_commerce_road_west_bloomfield_township,West Acres Branch Library|7321 Commerce Road,West Acres Branch Library,7321 Commerce Road,West Bloomfield Township,Alliance of Coalitions for Healthy Communities,,48324,42.591528,-83.428331,,,,USER_Notes=Save a Life Box,oakland_narcan,2026-08-06,2026-10-01
sal_ocn_750_barclay_circle_rochester_hills,Oakland County Sheriffs Office- Rochester Hills|750 Barclay Circle,Oakland County Sheriffs Office- Rochester Hills,750 Barclay Circle,Rochester Hills,Alliance of Coalitions for Healthy Communities,,48307,42.639507,-83.125638,,,,USER_Notes=Save a Life Box,oakland_narcan,2026-08-06,2026-10-01
sal_ocn_825_joslyn_rd_orion_township,Orion Township Library|825 Joslyn Rd,Orion Township Library,825 Joslyn Rd,Orion Township,Alliance of Coalitions for Healthy Communities,,48362,42.771359,-83.282112,,,,USER_Notes=Save a Life Box,oakland_narcan,2026-08-06,2026-10-01
sal_ocn_8711_cloverdale_ave_ferndale,Tri-County Educational Center|8711 Cloverdale Ave,Tri-County Educational Center,8711 Cloverdale Ave,Ferndale,Alliance of Coalitions for Healthy Communities,,48220,42.450344,-83.158985,,,,USER_Notes=Save a Life Box,oakland_narcan,2026-08-06,2026-10-01
